video_id,feat_0,feat_1,feat_2,feat_3,feat_4,feat_5,feat_6,feat_7,feat_8,feat_9,feat_10,feat_11,feat_12,feat_13,feat_14,feat_15,feat_16,feat_17,feat_18,feat_19,feat_20,feat_21,feat_22,feat_23,feat_24,feat_25,feat_26,feat_27,feat_28,feat_29,feat_30,feat_31,feat_32,feat_33,feat_34,feat_35,feat_36,feat_37,feat_38,feat_39,feat_40,feat_41,feat_42,feat_43,feat_44,feat_45,feat_46,feat_47,feat_48,feat_49,feat_50,feat_51,feat_52,feat_53,feat_54,feat_55,feat_56,feat_57,feat_58,feat_59,feat_60,feat_61,feat_62,feat_63,feat_64,feat_65,feat_66,feat_67,feat_68,feat_69,feat_70,feat_71,feat_72,feat_73,feat_74,feat_75,feat_76,feat_77,feat_78,feat_79,feat_80,feat_81,feat_82,feat_83,feat_84,feat_85,feat_86,feat_87,feat_88,feat_89,feat_90,feat_91,feat_92,feat_93,feat_94,feat_95,feat_96,feat_97,feat_98,feat_99,feat_100,feat_101,feat_102,feat_103,feat_104,feat_105,feat_106,feat_107,feat_108,feat_109,feat_110,feat_111,feat_112,feat_113,feat_114,feat_115,feat_116,feat_117,feat_118,feat_119,feat_120,feat_121,feat_122,feat_123,feat_124,feat_125,feat_126,feat_127
1,2.3507492542266846,1.4659219980239868,0.10879944264888763,2.0556674003601074,-1.7905374765396118,-1.2571985721588135,-0.5712254643440247,0.6752320528030396,-2.1429667472839355,-1.6013673543930054,-0.9125097393989563,-1.2558740377426147,-0.16458046436309814,-1.5938960313796997,1.6341896057128906,-1.0612478256225586,1.0403311252593994,1.044642686843872,1.5948669910430908,-0.7941354513168335,1.2914727926254272,-0.15244904160499573,0.6410852074623108,0.19325318932533264,-0.2611069083213806,0.048130810260772705,-0.02271907590329647,1.9222787618637085,0.006908955983817577,3.562350034713745,0.21772316098213196,0.29881221055984497,-0.6300133466720581,0.04905623942613602,-2.37703275680542,-3.0123934745788574,0.49560874700546265,1.1795051097869873,-0.9622317552566528,0.3777075409889221,0.8559242486953735,-0.3853732645511627,2.3664157390594482,-2.0896077156066895,-0.2755534052848816,4.85722017288208,-0.21295268833637238,0.12122420966625214,0.229949951171875,-1.2508318424224854,-0.8506200909614563,-0.20246446132659912,-0.8931549191474915,0.3388422131538391,0.01140936091542244,-0.24294495582580566,-0.5937818884849548,0.13965532183647156,-1.6821260452270508,-2.538790464401245,0.5610976219177246,1.4187543392181396,-0.2148778736591339,-1.4353382587432861,-1.8490073680877686,4.189655303955078,-0.3872174024581909,-1.833380937576294,3.22931170463562,1.4061552286148071,-3.7912983894348145,2.084028959274292,0.6381465792655945,2.931602954864502,0.9438349604606628,0.009476086124777794,-0.3225471079349518,2.18357515335083,-1.3974193334579468,-1.2075998783111572,-0.9091480374336243,1.3550755977630615,-1.7558199167251587,-1.5538619756698608,-0.34524771571159363,0.6410280466079712,0.5560187101364136,-1.5739595890045166,0.5403117537498474,3.1431822776794434,-0.3542162775993347,-0.7073663473129272,1.8083560466766357,3.0259766578674316,2.0451061725616455,-1.3226324319839478,0.45321980118751526,-0.732697606086731,-1.3799759149551392,1.5416836738586426,-3.514601230621338,-2.6549911499023438,0.1631544977426529,-1.3794171810150146,-2.424226999282837,1.135599970817566,-1.465545654296875,2.8554089069366455,-1.5041862726211548,-2.379488468170166,-0.8814833760261536,-1.4873383045196533,0.4190071225166321,0.9287718534469604,0.5683478116989136,-0.8448689579963684,-0.8950281143188477,-2.39766526222229,0.3649130165576935,2.491852283477783,2.149049997329712,-0.6563189029693604,0.41085299849510193,0.4740602970123291,0.5580893754959106,-2.8464293479919434,0.31079134345054626,0.7774088382720947
10,2.717313051223755,0.22596709430217743,-2.0665063858032227,3.0106685161590576,-0.926411509513855,-2.0860509872436523,-2.426939010620117,0.286064475774765,-0.9122883677482605,-1.0036492347717285,-0.0808165967464447,-0.7651543617248535,-2.4082438945770264,-0.2960866689682007,2.433619260787964,1.2573297023773193,1.2292768955230713,3.1248137950897217,1.0506988763809204,-1.4583954811096191,-0.2414541244506836,-2.163059949874878,1.1022677421569824,0.557482123374939,-1.224778175354004,2.734551191329956,-2.872714042663574,0.852638840675354,2.4032764434814453,3.717820405960083,0.9388129115104675,-0.35167112946510315,-0.01336593460291624,2.2799737453460693,-2.3753702640533447,-3.054243803024292,-0.4229285418987274,0.60054612159729,1.1770405769348145,2.969827651977539,1.9213786125183105,-1.837556004524231,3.0789175033569336,-0.8462298512458801,-2.201451063156128,3.6292757987976074,-1.9295457601547241,1.3119382858276367,0.049990516155958176,-0.0028865868225693703,-1.5596860647201538,-2.4143483638763428,-0.32232552766799927,-0.5264391303062439,-0.18368841707706451,-0.7816877961158752,-2.2560853958129883,1.855785846710205,0.027254369109869003,-2.688518762588501,2.0091021060943604,0.5646045804023743,1.8027307987213135,-1.4233803749084473,-0.09392985701560974,3.44258975982666,0.5113471746444702,-2.056337356567383,2.3762998580932617,1.0044293403625488,-3.768238067626953,2.6304755210876465,-0.011528276838362217,1.120313286781311,2.4940755367279053,1.368194341659546,-0.06905928999185562,4.590804100036621,-2.0111327171325684,0.0928136557340622,-1.1451983451843262,-0.42697593569755554,-1.5889618396759033,-1.0185019969940186,-0.27834999561309814,-0.45515379309654236,0.1117778867483139,-1.4905489683151245,0.555052638053894,0.10819452255964279,0.044570181518793106,-1.7540123462677002,0.5875824689865112,-0.31742891669273376,3.045027732849121,-1.4140772819519043,-0.45050641894340515,0.7400400638580322,0.6497012376785278,1.1366580724716187,-4.82402229309082,-3.936864137649536,-0.3419737219810486,0.43475982546806335,-2.822859764099121,0.010221527889370918,-2.8675103187561035,2.917048931121826,-0.4879106283187866,-3.426731586456299,-1.7754567861557007,-2.895737648010254,-1.2502937316894531,-0.5263340473175049,1.4643460512161255,-0.29773345589637756,-4.710585117340088,-1.7389883995056152,0.7179027199745178,2.483006238937378,3.7289576530456543,0.17157259583473206,0.6242337822914124,3.369593620300293,2.723764181137085,-3.0005381107330322,-0.3812221884727478,-0.9890590310096741
11,4.5599446296691895,0.47607070207595825,-1.1625357866287231,4.5603718757629395,-2.3874411582946777,0.2772454023361206,-1.8209037780761719,-2.9447450637817383,0.39711853861808777,-1.7138886451721191,-1.0042085647583008,0.7535811066627502,-2.9068264961242676,0.1886371225118637,1.229170322418213,0.6810138821601868,0.9452653527259827,0.9718217253684998,3.401447296142578,-0.8083080649375916,2.324512481689453,-2.201476573944092,-0.3377166986465454,1.4057015180587769,0.66774982213974,0.2569050192832947,0.5502398014068604,1.536232829093933,0.9552517533302307,3.3598833084106445,0.8577126860618591,-0.15288762748241425,1.3801745176315308,1.4273098707199097,-3.742497205734253,-3.6023828983306885,0.532371461391449,2.596632480621338,-0.4827447831630707,0.3706681430339813,2.383002996444702,-4.708498001098633,1.3531081676483154,1.5915805101394653,-1.1013619899749756,7.431230545043945,-0.6911779046058655,-3.2683990001678467,3.3696961402893066,-0.6364373564720154,-0.39293888211250305,-1.5447911024093628,1.0513463020324707,-0.21495765447616577,1.1441251039505005,-1.9187626838684082,0.8877624273300171,2.9928741455078125,-1.7062296867370605,-2.603154420852661,-0.5967444777488708,0.27529165148735046,3.373699188232422,0.36074936389923096,-2.06319260597229,3.851189374923706,0.6187863945960999,-0.1545899361371994,1.64464271068573,0.4243697226047516,-1.6819957494735718,2.764806032180786,0.09079166501760483,2.971163272857666,1.0934714078903198,-0.5762490034103394,-3.0835022926330566,2.119218587875366,-2.187290906906128,-2.0900540351867676,-1.5223186016082764,2.7380423545837402,0.2825342118740082,-1.9383991956710815,-2.7407515048980713,-0.3401661217212677,-0.7093494534492493,0.20463700592517853,1.4648785591125488,1.3142857551574707,2.0058271884918213,-1.465771198272705,1.0766466856002808,2.475989580154419,1.5188831090927124,0.17054857313632965,-0.8234471678733826,0.3662881851196289,0.1099279373884201,0.32191750407218933,-5.628111839294434,-0.9394411444664001,1.7612438201904297,-1.8411628007888794,-2.0048282146453857,3.2990972995758057,-2.5605974197387695,4.677733898162842,-1.6748565435409546,-2.4152116775512695,0.06106618791818619,-2.105354070663452,2.059492349624634,2.131326198577881,1.2389219999313354,-1.056322693824768,-1.7307555675506592,-2.693681240081787,-1.3109921216964722,4.228567600250244,3.364522695541382,-0.7135117053985596,-1.1636009216308594,4.396498680114746,2.3663461208343506,-3.502194881439209,-2.406259536743164,2.1851181983947754
12,3.713580369949341,-0.6177674531936646,-0.3060615360736847,1.1115373373031616,-1.718938946723938,-1.663195013999939,-0.8708503246307373,0.30659300088882446,0.48355522751808167,-1.3409795761108398,-0.6605086922645569,0.033778492361307144,-1.4422930479049683,2.6015238761901855,-0.11441988497972488,-0.7053017020225525,-0.1743825376033783,1.8291358947753906,0.45686250925064087,-2.2635509967803955,2.972860813140869,-1.5250581502914429,0.7370565533638,1.424813151359558,-0.7551709413528442,2.176835060119629,-1.5701874494552612,0.044619109481573105,4.03015661239624,4.649265289306641,2.398441791534424,-0.7219651937484741,0.6886191368103027,-0.19139668345451355,-2.0321662425994873,-1.414465308189392,0.6106246709823608,4.270164489746094,-1.1420183181762695,2.2553658485412598,1.9515994787216187,-1.5424848794937134,1.3798068761825562,1.0598993301391602,-0.7369939088821411,6.370703220367432,-2.3454673290252686,-0.27864861488342285,1.5797247886657715,1.3397670984268188,-1.0871206521987915,-2.2098147869110107,2.508232831954956,0.9951069355010986,-1.524539828300476,-0.9330256581306458,0.9402686953544617,1.7217613458633423,-1.4085575342178345,-3.6849470138549805,0.47307610511779785,0.7638216614723206,2.151792049407959,2.5085818767547607,-1.769415020942688,0.8060685396194458,1.191364049911499,-1.0483245849609375,1.0859750509262085,-0.7614811062812805,-3.6465301513671875,4.245726585388184,-0.6718831062316895,3.832848310470581,1.0193214416503906,-0.5024654269218445,-3.301541328430176,1.3503154516220093,2.3709404468536377,-0.2200382947921753,-1.392145037651062,0.8915433287620544,0.9184011220932007,-2.3601250648498535,-2.603710889816284,1.1809260845184326,-0.4132826626300812,1.3671773672103882,-0.1296062469482422,2.467480421066284,0.20078207552433014,3.2963619232177734,0.9978369474411011,2.5892908573150635,1.9720523357391357,0.3481771647930145,-0.18634171783924103,-0.6934044361114502,-2.2410552501678467,-1.4765830039978027,-3.7469077110290527,-4.4091691970825195,-0.2775132656097412,0.7764123678207397,-5.1448235511779785,3.1624231338500977,-1.0630706548690796,4.705214023590088,0.8645483255386353,-1.7954952716827393,-1.6317355632781982,-1.7606115341186523,0.8016112446784973,0.4654676914215088,0.8080646395683289,0.6613427996635437,-1.5723342895507812,-2.59362530708313,0.5204024910926819,1.9084546566009521,0.5131659507751465,-0.13885398209095,-0.7531179189682007,3.291435956954956,1.1150833368301392,-1.1359281539916992,-2.331028699874878,-0.34962379932403564
13,2.3400325775146484,1.6734868288040161,-0.5986027717590332,4.11076021194458,-2.9546215534210205,-1.9840977191925049,-1.8848680257797241,-1.6911332607269287,-1.3815784454345703,-0.20446063578128815,2.310692548751831,-1.9393422603607178,-1.637637734413147,3.3858513832092285,0.8413885831832886,-2.1444830894470215,0.21912136673927307,1.090905785560608,-1.9859570264816284,-0.418644517660141,1.6537669897079468,-0.8683521151542664,2.823819637298584,0.7009086608886719,-0.9170798659324646,5.915123462677002,-0.7969719767570496,1.1505353450775146,1.3165351152420044,4.624457836151123,1.3618175983428955,-0.7874014973640442,1.0091041326522827,0.7366167306900024,-2.891029119491577,-1.711477279663086,0.34789973497390747,2.89604115486145,-2.4403839111328125,0.8493390083312988,2.925426721572876,-3.5096096992492676,1.8851864337921143,2.710692882537842,-4.304429531097412,7.9283671379089355,-0.21183575689792633,-1.7452410459518433,4.322350978851318,1.6628934144973755,0.6025058031082153,-1.3610202074050903,2.753660202026367,0.7426283955574036,-2.9817073345184326,-1.7804347276687622,1.950537919998169,3.5185446739196777,-4.020951271057129,-2.428631544113159,1.5232865810394287,-3.294372081756592,2.6860640048980713,1.4863415956497192,-3.110330820083618,3.5408084392547607,4.875739097595215,0.9866818785667419,1.260693907737732,-1.55339515209198,-1.6200295686721802,2.3222389221191406,-1.9043866395950317,3.8131160736083984,0.24337612092494965,1.177433967590332,-4.367167949676514,0.0967029333114624,1.9608687162399292,0.9435140490531921,-4.514817237854004,-1.3937994241714478,-1.6510335206985474,-3.528852939605713,-2.007079601287842,1.0665196180343628,-1.282315969467163,0.34728434681892395,1.9454610347747803,3.2380447387695312,0.8353118896484375,3.0175957679748535,1.6733391284942627,-0.20933569967746735,-0.1432235985994339,-0.9666999578475952,2.1178653240203857,0.49057212471961975,-2.8718645572662354,-1.1559556722640991,-2.3806729316711426,-3.7023558616638184,-0.16424623131752014,0.10636628419160843,-3.435210943222046,4.117095470428467,-3.129723072052002,1.467869520187378,2.508007764816284,-4.367276668548584,-1.538575291633606,-0.9667261838912964,3.062744617462158,-0.8717799186706543,1.1675161123275757,-0.34268608689308167,-1.1438168287277222,-3.373377561569214,-0.4267668128013611,1.1839653253555298,0.7545170783996582,0.24711062014102936,-1.8521802425384521,-0.3349015712738037,3.0418589115142822,-2.678727865219116,-2.6420483589172363,-0.9267590641975403
14,7.968719482421875,2.824521064758301,2.2776169776916504,5.7849249839782715,-1.2673982381820679,-3.6422436237335205,-0.6900877952575684,-2.8126089572906494,-2.071014642715454,2.5208404064178467,-2.601062059402466,4.269791126251221,0.9592424035072327,-6.297520160675049,1.7002296447753906,3.885925054550171,-0.01825837977230549,0.8102216720581055,2.328953504562378,-5.093592166900635,3.823319673538208,-3.3052494525909424,0.22920052707195282,3.012462854385376,-1.0596041679382324,1.124947428703308,-6.180469036102295,-0.935815155506134,1.260318636894226,5.720449447631836,-0.23872114717960358,-2.434804916381836,-2.2853524684906006,-3.0437917709350586,-6.718533039093018,-4.138988971710205,3.7850418090820312,7.010745525360107,0.2631004750728607,1.291904091835022,1.9544204473495483,-4.443755626678467,1.7227734327316284,-2.9814975261688232,-1.8546209335327148,5.762577056884766,-0.009165626019239426,-0.2761263847351074,-2.3461251258850098,0.8446080684661865,-0.49929067492485046,-3.468616485595703,3.834559202194214,0.4168229103088379,0.32488012313842773,-0.32168933749198914,0.22123508155345917,1.9900522232055664,-6.974697589874268,-4.534322738647461,1.4589344263076782,-0.3507801294326782,1.31119704246521,0.14551112055778503,-5.704670429229736,8.131343841552734,2.5506343841552734,-3.2200400829315186,4.227786540985107,0.40719762444496155,-1.4541784524917603,3.0349128246307373,-0.3917786180973053,1.7220029830932617,3.842683792114258,-0.29150331020355225,0.5616553425788879,2.7812368869781494,-1.7389506101608276,2.545212984085083,-5.262375831604004,0.5483410954475403,-2.1083083152770996,-7.359251499176025,-3.097806215286255,-0.2798009216785431,0.2692076563835144,-1.663963794708252,3.0653951168060303,4.781884670257568,3.020739793777466,-3.8212249279022217,6.883177280426025,2.563664197921753,3.756204843521118,1.5066580772399902,-4.054372310638428,1.1933809518814087,0.966196596622467,2.820810317993164,-10.26079273223877,-1.963149905204773,-0.9217923283576965,-6.035670757293701,-4.319786548614502,-3.9771549701690674,-7.465867519378662,-0.04018319025635719,0.16481666266918182,-2.0226945877075195,-2.2375614643096924,0.3446493446826935,-0.45709189772605896,2.3566694259643555,4.543443202972412,-2.997323989868164,-2.0188896656036377,-1.0113533735275269,4.550121784210205,4.779361724853516,0.2916662395000458,-4.597291469573975,-3.5393741130828857,-0.37016329169273376,2.4523775577545166,-5.307971477508545,-2.5453405380249023,0.020084785297513008
15,0.7540616393089294,-1.5760067701339722,1.4884132146835327,2.284607172012329,-0.21540093421936035,-1.019619345664978,-1.6794246435165405,-1.753798246383667,-1.4536511898040771,-0.4896804988384247,-0.6226698756217957,2.0259416103363037,-2.3311619758605957,3.6906840801239014,2.9782798290252686,-1.0298134088516235,-1.382158875465393,0.6098834276199341,1.9531258344650269,-1.5525245666503906,2.799450397491455,-3.4099183082580566,2.380439519882202,0.706214427947998,-1.0310252904891968,3.4613606929779053,-1.3497169017791748,3.1016108989715576,5.945446968078613,5.179881572723389,3.6246016025543213,-1.4379618167877197,2.3118746280670166,-1.1139065027236938,-2.0173544883728027,1.645991563796997,-0.6957876086235046,2.4204094409942627,-0.8619385957717896,4.225358486175537,3.7572076320648193,-3.8860418796539307,2.121389389038086,2.375239610671997,-1.3068355321884155,8.774170875549316,-4.395079612731934,-0.5172854065895081,4.817630767822266,-1.19983971118927,-0.47158947587013245,0.5492076277732849,3.4721906185150146,2.600792169570923,-1.3148707151412964,-1.1918039321899414,2.7816998958587646,-1.2837820053100586,-0.5402621626853943,-3.1269984245300293,-0.8384450674057007,0.5609598755836487,2.651050567626953,1.8039616346359253,0.44123077392578125,1.7227338552474976,1.743999719619751,-2.9576313495635986,1.1657524108886719,0.8651503920555115,-2.585735559463501,5.468462944030762,-2.5213301181793213,1.4459043741226196,1.3898171186447144,-1.606942057609558,-3.8641934394836426,-0.7726241946220398,2.9393439292907715,-0.7827452421188354,-1.5033806562423706,3.038454294204712,-0.6849026083946228,-3.3673248291015625,-1.0571776628494263,-0.8602836728096008,-0.6258605122566223,0.8389446139335632,4.327862739562988,2.2766599655151367,1.6158846616744995,4.730716705322266,1.6499149799346924,1.8688161373138428,0.7445928454399109,-1.0660938024520874,-1.3299087285995483,-0.742864191532135,-2.7207071781158447,1.0461841821670532,-4.242299556732178,-4.702669620513916,0.9187964200973511,1.1052517890930176,-5.907596588134766,1.1056993007659912,-2.5319669246673584,4.203930854797363,1.0007455348968506,-2.2284553050994873,0.5085321664810181,-1.0782145261764526,-1.4086309671401978,1.4456168413162231,0.9927868247032166,1.592938780784607,-1.460973858833313,-0.5432920455932617,-0.4356508255004883,1.6643677949905396,-0.7267430424690247,-0.7875437140464783,-0.6733254790306091,5.370199680328369,3.624615430831909,-3.718412160873413,-2.309596538543701,1.2204420566558838
16,3.5675642490386963,-0.9858984351158142,-0.42827311158180237,1.4121955633163452,-1.1930369138717651,-0.5003800988197327,-0.9802306294441223,-0.8090705871582031,-6.736492156982422,-0.9968700408935547,-0.00779946893453598,-2.308189868927002,-2.1209425926208496,0.3269287049770355,-1.9906986951828003,-2.008143901824951,-0.10121691226959229,0.25809019804000854,2.3446779251098633,-0.06368950009346008,2.4292445182800293,-2.676434278488159,-0.29842790961265564,3.412186861038208,-1.5469129085540771,2.3336844444274902,-2.283743381500244,-2.248398542404175,1.590606927871704,5.185344219207764,0.3685937821865082,0.3007526993751526,0.4565584063529968,1.7598530054092407,-1.4125924110412598,-5.544173717498779,-0.15386338531970978,2.17616868019104,0.12807753682136536,2.2188303470611572,1.7231953144073486,-1.5558329820632935,1.8500075340270996,-0.188974529504776,-0.33815065026283264,4.357882499694824,2.079594373703003,-3.516636610031128,1.0919134616851807,1.226826786994934,-3.131265640258789,-2.5796890258789062,4.623672962188721,2.2361247539520264,-2.2459042072296143,-2.126283884048462,1.2313706874847412,-0.18072807788848877,0.467215359210968,-3.0230371952056885,1.7710403203964233,2.229053497314453,1.7020177841186523,3.9791147708892822,-1.0519397258758545,3.040477991104126,1.0618207454681396,0.2642413377761841,4.5636467933654785,1.4404394626617432,-1.9772332906723022,3.727384567260742,3.1711902618408203,1.121475100517273,1.3041249513626099,-1.6090612411499023,-0.4070037603378296,1.1344622373580933,-1.2727577686309814,-0.5670905709266663,0.2470097541809082,-0.5200526714324951,-2.118541955947876,-5.170093536376953,-2.202664852142334,-0.5647214651107788,-0.08666528761386871,-1.0703171491622925,6.33642578125,2.1899735927581787,0.46074238419532776,6.306740760803223,1.6462253332138062,2.903824806213379,3.5420992374420166,-0.5573459267616272,2.1640424728393555,-1.2511026859283447,-1.203916072845459,0.5231721997261047,-5.204373836517334,-2.810129404067993,1.095116138458252,-1.7677996158599854,-4.802647590637207,3.554215908050537,-2.597593307495117,2.0593693256378174,2.2517502307891846,1.7263071537017822,-0.5315638184547424,-1.1944732666015625,-0.6360331177711487,-0.22602617740631104,1.2499383687973022,-0.46843552589416504,-4.375310897827148,-5.357532501220703,-1.8697984218597412,4.051077365875244,-1.6840721368789673,-1.6295138597488403,0.3016025722026825,3.2125940322875977,-1.2487528324127197,-5.167886734008789,-1.4354054927825928,0.8173773884773254
17,2.3995399475097656,5.691093444824219,-0.7408466935157776,0.5413616299629211,-3.8159422874450684,1.422677755355835,-4.461205959320068,-2.174037218093872,-2.441391944885254,-1.4292068481445312,1.5160810947418213,2.7686963081359863,-2.1950838565826416,-0.5484879016876221,-0.24683816730976105,3.111556053161621,1.9659746885299683,1.0996674299240112,1.119887113571167,-2.197265863418579,-4.482642650604248,-2.8966057300567627,0.48182928562164307,0.2320699542760849,-1.0062752962112427,5.38341760635376,-2.2718634605407715,-2.140043020248413,4.678229808807373,5.967860698699951,3.0663750171661377,-1.2027298212051392,2.0463247299194336,3.2945525646209717,-2.999444007873535,-5.094656467437744,4.7282304763793945,2.844101667404175,1.628864049911499,0.011821008287370205,3.949753999710083,-3.7563815116882324,3.4210739135742188,-0.24174505472183228,0.7136691212654114,8.50621509552002,8.166956901550293,-6.5905046463012695,2.706218957901001,-0.8815391659736633,-2.323082447052002,0.23219642043113708,1.1768743991851807,-3.0789239406585693,2.3987905979156494,-3.9918315410614014,0.6683982610702515,2.3201634883880615,-2.6522154808044434,-3.6890909671783447,-2.5231752395629883,2.0729665756225586,1.1699223518371582,3.645355224609375,-1.030014157295227,5.195141315460205,-0.3243861496448517,-0.719456136226654,-0.8649532198905945,-1.3847124576568604,1.4955554008483887,1.2803311347961426,0.3561263680458069,-2.87858510017395,1.6246417760849,2.1940996646881104,-1.6770085096359253,1.7671411037445068,-2.031033515930176,-1.9344722032546997,-3.813441514968872,1.4249060153961182,-5.804455280303955,-5.8725199699401855,-1.6968318223953247,-4.873581409454346,3.735323667526245,-7.009653091430664,0.06361939758062363,-1.1916872262954712,-2.5885326862335205,3.04807448387146,6.248337268829346,0.8605670928955078,2.7410430908203125,1.0275282859802246,0.2651523947715759,1.534325361251831,1.4946057796478271,5.4418559074401855,-7.841455936431885,-1.9850155115127563,1.0770140886306763,-5.1912970542907715,-3.8148112297058105,0.21137261390686035,-5.148940563201904,0.6516284346580505,-0.9291746020317078,-0.06075992062687874,3.231247663497925,0.9620018005371094,1.5549461841583252,1.613344430923462,3.198880672454834,1.3479002714157104,-6.197764873504639,-5.483743667602539,1.8372337818145752,3.3051536083221436,0.26999127864837646,1.3769811391830444,-0.9062223434448242,2.759751796722412,2.331105947494507,-2.771578788757324,1.9802812337875366,1.330389380455017
18,3.764226198196411,0.6039459109306335,2.8496909141540527,0.42050114274024963,-2.3773574829101562,1.0033849477767944,-3.910248279571533,-1.2103097438812256,-5.087905406951904,-1.6052329540252686,-1.7577677965164185,-2.32145357131958,-3.2218282222747803,-1.3141069412231445,-3.896517038345337,1.2053624391555786,-1.723875641822815,3.263145685195923,0.7584096789360046,-5.385439872741699,2.9780354499816895,-0.5252031683921814,1.8981091976165771,5.330735206604004,0.823489248752594,3.315819263458252,-4.258152008056641,-0.018538901582360268,4.659818172454834,8.304028511047363,2.602604627609253,-3.9609787464141846,-1.9560129642486572,-1.9102191925048828,-1.7461270093917847,-6.421428203582764,2.492121458053589,-1.5811231136322021,-1.1962534189224243,3.6693835258483887,4.432140827178955,-3.726743459701538,3.467416524887085,-1.5265016555786133,-3.0118887424468994,5.710873603820801,2.165964365005493,-1.3111718893051147,-1.6924489736557007,0.8279943466186523,-2.5810999870300293,2.480501174926758,-0.252054899930954,0.5130234360694885,2.9512076377868652,-1.7156747579574585,0.13630107045173645,-1.5182535648345947,3.3869450092315674,-5.581015110015869,0.829585611820221,-0.06683521717786789,1.9662920236587524,1.088374376296997,-1.2219350337982178,5.137757778167725,2.453315496444702,1.4823347330093384,2.545839548110962,2.808458089828491,-1.5238291025161743,1.1005604267120361,0.9288011193275452,0.5271326303482056,3.1238174438476562,-3.042799234390259,-1.3363786935806274,3.317652463912964,2.007127285003662,-2.291506290435791,-3.4091036319732666,3.762293577194214,-5.0772385597229,-6.873539924621582,-2.910438299179077,-0.803054690361023,-0.07406140118837357,-2.327754497528076,2.6982479095458984,-2.0565361976623535,2.2027814388275146,3.951220750808716,2.153038740158081,2.006230354309082,5.195385932922363,1.2975648641586304,-0.6128416061401367,0.8919268250465393,3.5820889472961426,2.5894534587860107,-4.307772159576416,-2.4227583408355713,-2.769136428833008,-3.179952621459961,-4.205856800079346,0.5764636993408203,-4.537766456604004,3.7054905891418457,-0.6426617503166199,-0.26567789912223816,-0.9905716180801392,0.6664493680000305,-0.21362483501434326,-1.8246829509735107,-1.237899899482727,1.0721474885940552,-8.182615280151367,-3.860055446624756,0.4055182635784149,0.27863001823425293,-0.07573999464511871,0.23095931112766266,1.4491058588027954,2.2450218200683594,-0.9959201812744141,-4.565494060516357,-3.9822142124176025,4.029389381408691
19,3.7823588848114014,-2.1683597564697266,1.76268470287323,2.637211322784424,-6.77949857711792,-3.4453141689300537,-0.5048803687095642,-0.7361413836479187,-4.297840118408203,-1.4511826038360596,-0.7374430298805237,0.21871216595172882,-1.9085267782211304,-5.19113826751709,-1.5189344882965088,2.822784662246704,0.24401326477527618,0.5699644684791565,1.350027084350586,-1.707939863204956,2.656298875808716,-0.2970491945743561,0.41165661811828613,2.926212787628174,-2.06585955619812,3.5112569332122803,-3.682018280029297,-3.909987688064575,2.286797285079956,6.067174434661865,-0.2377752959728241,-2.464508056640625,-1.8334230184555054,-3.169879913330078,-4.658397197723389,-4.6459197998046875,3.6992390155792236,1.1670267581939697,1.2642792463302612,0.20027053356170654,1.540467619895935,-1.3594141006469727,0.31670239567756653,-1.5879884958267212,-1.706589937210083,3.9631683826446533,1.4339306354522705,1.0235915184020996,-0.3123481273651123,-0.7289348244667053,-0.1681624799966812,-0.7211241126060486,-0.9414907693862915,1.5315500497817993,0.8240313529968262,-3.761011838912964,0.6916950345039368,0.2367583066225052,-2.4376933574676514,-4.4611616134643555,1.4769400358200073,1.6441118717193604,1.6227058172225952,0.07438457757234573,-4.176273822784424,8.13970947265625,0.17782250046730042,-0.6653660535812378,3.1568968296051025,3.0620672702789307,-2.5041472911834717,0.616490364074707,1.143415093421936,1.5300618410110474,2.5917727947235107,-1.5505759716033936,-0.6268234252929688,3.3631722927093506,-0.6933188438415527,0.5162779092788696,-1.5007169246673584,3.912186861038208,-2.6893293857574463,-5.587822914123535,-1.9223383665084839,1.1517623662948608,1.3003193140029907,-2.2106411457061768,2.6207852363586426,1.80870521068573,4.133559703826904,1.9563103914260864,3.404491901397705,2.4079558849334717,1.6606159210205078,0.21878860890865326,0.9756813645362854,2.420361280441284,1.154170274734497,6.529305934906006,-4.932103157043457,-1.9948490858078003,-0.6028864979743958,-3.871150493621826,-4.347609996795654,3.988947629928589,-5.808627605438232,1.8554528951644897,0.7978547811508179,1.1902927160263062,-3.7689688205718994,-2.59090256690979,1.4083328247070312,1.133570909500122,1.667567491531372,-3.630199909210205,-4.762077331542969,-2.7574894428253174,0.9433760046958923,3.0795416831970215,1.4847170114517212,-1.7937803268432617,0.45626410841941833,2.862849712371826,-0.08312591165304184,-5.014331817626953,-1.2438148260116577,3.5683858394622803
2,3.9119765758514404,0.8196549415588379,-1.1792268753051758,1.356966257095337,-0.8279156684875488,-0.1618008315563202,-0.24917852878570557,-0.8283824920654297,-1.05118989944458,-1.614171028137207,-1.735090970993042,-1.3519508838653564,-2.306720018386841,1.429916262626648,0.9392734169960022,0.5814862847328186,-0.431983083486557,0.6079800128936768,1.3068087100982666,-2.1318628787994385,-1.1540790796279907,-0.6115042567253113,0.1515406370162964,0.8042793869972229,-0.8900501132011414,2.030010938644409,-1.8969770669937134,0.11342000961303711,1.1107327938079834,3.269801616668701,-0.3657521605491638,-0.8867900371551514,-0.5325927734375,2.645479202270508,-2.135960102081299,-1.126181960105896,-0.967780351638794,3.160975694656372,0.42335230112075806,2.083314895629883,2.5840466022491455,-1.7760306596755981,2.1523685455322266,-0.6563341021537781,0.17818765342235565,5.629526615142822,-2.029615879058838,-0.9034792184829712,2.070779800415039,2.0952184200286865,-1.926397442817688,-2.436413049697876,-0.34744793176651,-0.04344076290726662,-1.4713062047958374,1.8738682270050049,0.4562250077724457,-0.36552906036376953,-2.8739326000213623,-3.4352798461914062,-0.07664135843515396,1.5297646522521973,-0.38331493735313416,-0.08787857741117477,-0.3396300673484802,3.4376907348632812,2.1546478271484375,-1.5278691053390503,2.4065053462982178,-0.22304286062717438,-4.6247053146362305,4.6594438552856445,-0.15848736464977264,1.480568289756775,1.2103191614151,-0.826443612575531,-0.7238562107086182,3.5610294342041016,-2.108267068862915,-1.7600270509719849,0.4746265411376953,1.8576041460037231,-1.2225817441940308,-2.842715263366699,0.2211349606513977,-2.3751168251037598,0.07523351907730103,0.6662150621414185,1.805261254310608,3.0106639862060547,0.0552891306579113,0.3061661124229431,3.0361688137054443,1.970807671546936,1.4739408493041992,-0.8958494067192078,0.016099756583571434,1.354688286781311,-0.1493869423866272,1.3339641094207764,-5.376886367797852,-3.092028856277466,-0.3279021382331848,0.9200736880302429,-1.7380977869033813,0.6728530526161194,-2.5625481605529785,2.8159611225128174,-1.691727638244629,-0.03739409148693085,-0.22483906149864197,-2.466719627380371,-2.4336936473846436,-0.8655567169189453,1.3955193758010864,0.037718385457992554,-2.0424067974090576,-0.7851923108100891,-0.5259683728218079,3.3445122241973877,2.9021286964416504,-0.2748599946498871,1.5280879735946655,5.206729412078857,3.382054328918457,-3.356745958328247,-2.11104416847229,-1.1951216459274292
20,1.3442652225494385,-3.378950834274292,3.8335776329040527,-0.04770379886031151,-4.796071529388428,-1.3795028924942017,-5.830199718475342,-6.044249534606934,-7.364283561706543,-3.3529651165008545,-2.1628050804138184,-2.2552127838134766,-0.6962739825248718,0.6752984523773193,-2.2132768630981445,4.632038116455078,-3.881573438644409,1.850290298461914,3.7436110973358154,-4.419919967651367,-0.6142134666442871,-2.113971471786499,3.7624287605285645,2.2431578636169434,1.7504135370254517,3.501178026199341,-3.536250591278076,-2.11547589302063,3.5642826557159424,9.87364673614502,1.3840041160583496,-4.003235816955566,1.8326139450073242,-0.8865636587142944,-1.550985336303711,-5.4216508865356445,1.5750597715377808,0.44545668363571167,-0.4517208933830261,2.5566811561584473,4.058831691741943,-5.094364643096924,2.2972395420074463,2.4459993839263916,-2.440708637237549,3.7716572284698486,1.061067819595337,0.30336102843284607,0.34900763630867004,3.8542892932891846,-3.0504207611083984,-0.2935245931148529,-0.01292120199650526,0.7259371280670166,-1.1271185874938965,0.1394687443971634,0.048940788954496384,1.8049978017807007,-0.15287211537361145,-7.132567405700684,1.1463510990142822,0.49946436285972595,3.934134006500244,1.0326876640319824,-1.8863019943237305,2.5140674114227295,-0.19484205543994904,0.9414323568344116,5.728369235992432,4.294546604156494,-3.4810855388641357,4.758954048156738,-0.1902320235967636,-1.5374376773834229,4.20881462097168,-1.9689610004425049,1.3279619216918945,1.2988507747650146,0.08529027551412582,-0.4627934396266937,-1.2467920780181885,0.5876619219779968,-4.147107124328613,-4.319319248199463,-1.8869634866714478,0.19739672541618347,2.4477200508117676,-2.2427659034729004,1.5564318895339966,0.9899954795837402,2.7639036178588867,10.495973587036133,4.1166090965271,0.16545984148979187,3.3236591815948486,2.660939931869507,-2.143718719482422,4.193005084991455,5.018320083618164,5.197876930236816,-8.57324504852295,-2.3637077808380127,2.4475605487823486,-5.920741558074951,-7.5825042724609375,0.6417249441146851,-5.3908610343933105,2.700547456741333,0.6542947888374329,-3.9666104316711426,-3.2833518981933594,-0.14345791935920715,-4.259020805358887,3.4443135261535645,1.3208210468292236,-2.8651530742645264,-5.799421310424805,-4.330408096313477,1.3134409189224243,6.136895179748535,1.0233248472213745,1.6964530944824219,-2.9584856033325195,4.9653096199035645,4.854931831359863,-3.1912481784820557,-4.089425086975098,1.3253438472747803
21,2.189140558242798,4.029107570648193,-0.19976136088371277,2.616495132446289,-2.833261489868164,1.4390137195587158,-1.9242225885391235,-1.490466594696045,-4.223317623138428,-0.2275397777557373,1.406742811203003,-0.25810080766677856,1.2714931964874268,0.707333505153656,-0.4417951703071594,-1.0402429103851318,0.44257521629333496,-2.247767210006714,3.7541356086730957,0.11843308061361313,-0.1610788106918335,-0.823506236076355,4.698573589324951,-2.004275321960449,1.1323868036270142,4.445014476776123,-0.5634129643440247,-3.1329665184020996,0.6328203082084656,3.7843017578125,0.806861400604248,-1.8007816076278687,1.2508803606033325,-0.20787176489830017,0.1899857521057129,-3.4717109203338623,0.6754246950149536,-1.1960288286209106,-0.7467033267021179,2.0886261463165283,1.426417350769043,-3.7914116382598877,3.103977918624878,1.195442795753479,-3.4588046073913574,8.132867813110352,1.6289716958999634,-4.422292232513428,3.436216354370117,0.7588762640953064,0.21067006886005402,0.3444649577140808,0.6221691966056824,2.0792410373687744,-0.42483678460121155,-0.6233360767364502,0.06817515194416046,-1.9091180562973022,-0.9704076051712036,-1.5460624694824219,-2.2553346157073975,-0.3783656656742096,0.5401197671890259,2.0999643802642822,-1.0415586233139038,3.296699047088623,2.4886667728424072,1.4955761432647705,1.2182981967926025,0.026064183562994003,-2.1669883728027344,3.7847275733947754,0.7725412249565125,-0.16424281895160675,-0.7975814938545227,2.0080363750457764,0.7436125874519348,1.152564287185669,-0.9173725843429565,-2.398864269256592,-2.4352333545684814,1.6982179880142212,-2.2031126022338867,-2.4820592403411865,-1.071642518043518,-2.1806302070617676,0.27088528871536255,-4.1163482666015625,2.698089361190796,-0.1047372817993164,-0.6961542367935181,1.3101152181625366,1.207421898841858,-0.34271040558815,2.8387033939361572,-1.4757939577102661,-2.553189277648926,2.0262041091918945,-1.5973868370056152,4.185864448547363,-5.133240699768066,-1.4129745960235596,2.531341075897217,-2.106243848800659,-1.812701940536499,3.2250843048095703,-4.1494293212890625,1.7232052087783813,0.5034993290901184,0.056936223059892654,1.687396764755249,-2.7370991706848145,3.341414213180542,-2.7011828422546387,-0.7791306376457214,0.9341004490852356,-3.691183567047119,-4.996581077575684,-1.8901857137680054,0.11273428052663803,1.963828682899475,-0.8312845230102539,-3.562551975250244,0.38313788175582886,2.9795024394989014,-7.051541805267334,1.9499480724334717,-0.3098220229148865
22,5.475459575653076,-0.3794294595718384,-0.691160261631012,5.1535258293151855,-1.1724132299423218,-1.6893430948257446,-2.3972513675689697,-2.4782583713531494,-0.6911762952804565,-0.5959793329238892,-0.9655256867408752,0.0871955081820488,-1.457780361175537,-2.2434935569763184,1.0220181941986084,1.91922926902771,0.9296681880950928,0.260981023311615,1.9533339738845825,-3.099686622619629,1.4866129159927368,-2.326815366744995,-0.5321725606918335,0.4936172068119049,-0.5717814564704895,1.4686932563781738,-0.10152741521596909,0.6331638097763062,0.9540217518806458,3.8422470092773438,-1.0132414102554321,-1.669579029083252,1.267490267753601,-0.48563238978385925,-2.73954176902771,-2.299968957901001,1.078481674194336,2.766223669052124,1.5853188037872314,1.1186785697937012,2.9738149642944336,-4.095558166503906,1.8670482635498047,-1.8081103563308716,-0.9739229679107666,4.123898506164551,-0.08283711224794388,-1.930252194404602,-1.1149003505706787,0.45187458395957947,-0.4088743031024933,-1.1716573238372803,-0.08319616317749023,-0.9003562927246094,-0.17122556269168854,0.28453677892684937,-0.2652336657047272,3.6493453979492188,-2.389671564102173,-4.0243940353393555,0.3007148206233978,0.5422568917274475,0.9649393558502197,-0.6738701462745667,-2.34291934967041,5.366842269897461,0.5454097390174866,-0.39996206760406494,1.5820720195770264,1.854736089706421,-2.534848928451538,1.9433180093765259,0.5046770572662354,2.7426798343658447,2.1065542697906494,-0.41860002279281616,-2.7644834518432617,2.810175895690918,-2.6935110092163086,-0.825484037399292,-1.6614606380462646,1.2977757453918457,-0.8455585837364197,-1.911818027496338,-2.2372236251831055,-1.8740203380584717,-2.0849251747131348,0.2747341990470886,1.0072649717330933,1.8068346977233887,1.3628628253936768,0.17387673258781433,3.5923643112182617,1.7072542905807495,2.522216796875,0.09432284533977509,-0.28333762288093567,-0.19310376048088074,1.6848466396331787,2.06770920753479,-5.2465386390686035,0.16790302097797394,-0.1236756220459938,-2.6077139377593994,-1.9539463520050049,0.6861283779144287,-4.097644329071045,1.8968690633773804,-0.7462905645370483,-2.0419507026672363,-1.0065706968307495,-3.124725818634033,2.6403324604034424,1.737694263458252,2.7240281105041504,-0.6379085183143616,-1.2729809284210205,-1.789175033569336,1.1475188732147217,3.6755616664886475,1.2931939363479614,-0.6595859527587891,-2.0106241703033447,1.8003705739974976,1.9755803346633911,-3.604006052017212,-1.2683355808258057,0.24146857857704163
23,3.071972131729126,3.6089069843292236,0.05601415038108826,2.1238090991973877,-2.3085758686065674,0.12983639538288116,-1.0626226663589478,-2.2699954509735107,-3.5727622509002686,-0.17911331355571747,0.8474809527397156,-0.12878195941448212,1.2643784284591675,1.865512490272522,-0.43488240242004395,-2.445502519607544,1.0519682168960571,-1.66814386844635,2.3180947303771973,-0.5183442234992981,0.2838950455188751,-2.3162150382995605,4.149991512298584,-1.9348524808883667,0.1460772156715393,3.8359451293945312,-0.7501099109649658,-1.7217766046524048,1.1554151773452759,5.020086288452148,0.31335124373435974,-1.4050124883651733,1.1806987524032593,-0.3808111250400543,-0.3593222200870514,-3.040769577026367,-0.3167547881603241,-0.6684083938598633,-0.5238929986953735,2.8537704944610596,1.882088303565979,-3.8437044620513916,3.0568926334381104,0.4889708459377289,-2.0163164138793945,7.949530124664307,1.5628758668899536,-4.090868949890137,3.3537118434906006,0.564432680606842,-0.35225653648376465,0.16710643470287323,0.8296076655387878,2.0456206798553467,-0.14456461369991302,-1.6873555183410645,1.1652222871780396,-0.9876182675361633,-0.41002312302589417,-2.1854665279388428,-2.5482981204986572,-0.2385200709104538,-0.2521204948425293,2.4661338329315186,-1.2977722883224487,3.330076217651367,2.6895458698272705,0.9571535587310791,0.8114063143730164,0.3954673707485199,-1.1223562955856323,3.2652900218963623,-0.3670288622379303,0.5978092551231384,-1.0750489234924316,2.148782253265381,-1.0201109647750854,0.860900342464447,-1.0168957710266113,-1.8256763219833374,-2.3918466567993164,0.9417319893836975,-0.9341683983802795,-2.9284651279449463,-0.5930555462837219,-3.0300118923187256,-0.4380504786968231,-3.9257242679595947,2.2142586708068848,-0.13987551629543304,-1.2742729187011719,1.8278799057006836,-0.017535937950015068,-0.5633795261383057,2.238011598587036,-2.3358263969421387,-0.6500646471977234,-0.010806049220263958,-3.245713949203491,3.176804542541504,-4.724783420562744,-2.1835777759552,2.2291247844696045,-1.920644760131836,-3.0159778594970703,2.3328335285186768,-4.503780364990234,2.5100793838500977,1.4865169525146484,0.13560692965984344,1.3421869277954102,-3.0609958171844482,2.7945194244384766,-2.3437626361846924,0.6099554896354675,0.08993241935968399,-3.9761154651641846,-4.460644245147705,-1.5106487274169922,-0.17841064929962158,0.3243429958820343,-1.3689765930175781,-3.35510516166687,-0.247084379196167,2.3422858715057373,-5.513889312744141,1.220214605331421,-0.9913132786750793
24,3.8518764972686768,0.1539657562971115,1.1112037897109985,0.8995116353034973,-3.32745099067688,0.8412091135978699,-0.6668323874473572,-1.834982991218567,-3.1155240535736084,-0.18161137402057648,-1.7400553226470947,-0.2298877090215683,-0.3007703721523285,-0.13588689267635345,2.6813113689422607,-2.4994232654571533,-0.04936948046088219,0.4605463147163391,0.9864710569381714,-0.5909983515739441,0.39326173067092896,-3.087566614151001,0.5816404223442078,-2.0770294666290283,1.071821928024292,2.9288742542266846,-0.9662135243415833,1.2411118745803833,-0.09983059018850327,4.069271564483643,2.273818016052246,-0.24723145365715027,0.5950934886932373,0.7316721677780151,-1.6747747659683228,-2.447948932647705,-1.484824538230896,-0.08429627865552902,-0.5476524233818054,1.976299524307251,2.2450406551361084,-1.3450353145599365,0.1589362472295761,-0.12399100512266159,-0.9105735421180725,5.397937774658203,-0.6711395382881165,1.5226396322250366,1.8776772022247314,-1.7353326082229614,-1.7673214673995972,-0.3792160749435425,2.2900609970092773,1.896736979484558,1.9458340406417847,-0.6368664503097534,2.1576547622680664,0.6390010714530945,-0.5709619522094727,-1.8151421546936035,0.16253288090229034,0.5782658457756042,-0.3568578064441681,-0.41772520542144775,-2.423323392868042,1.3186876773834229,1.8307816982269287,0.0013868637615814805,2.9889047145843506,-0.06278862059116364,-3.2355051040649414,3.8864221572875977,-0.17128600180149078,2.297037363052368,0.8385903835296631,-0.38571465015411377,-0.4741690456867218,4.492173671722412,-1.269958257675171,0.025805601850152016,-0.799442708492279,0.39956116676330566,-0.016509341076016426,-4.346795558929443,1.2442173957824707,0.4432516396045685,0.5285691618919373,-1.3700425624847412,1.2818304300308228,1.9188461303710938,-0.38979417085647583,3.036684989929199,1.9514871835708618,2.618708372116089,0.9461367130279541,-1.365618348121643,-1.6819939613342285,0.3827495574951172,0.7164977192878723,1.7571965456008911,-4.863248348236084,-4.124924659729004,-1.7393773794174194,1.033750057220459,-1.8413454294204712,0.8744533658027649,-0.9953585267066956,3.045806884765625,-0.6976363658905029,-0.09219669550657272,0.8786789774894714,-0.49316680431365967,-0.8928954005241394,-0.5260651111602783,-0.8853632807731628,-0.03744727745652199,-2.33215069770813,-1.5528403520584106,-1.289749264717102,0.050603434443473816,0.11071936041116714,-1.8476674556732178,1.0359206199645996,0.8439874053001404,0.7112780213356018,-2.7490475177764893,-0.6929030418395996,1.6634587049484253
25,3.662964344024658,0.020953644067049026,1.3065582513809204,3.1884632110595703,-1.0369714498519897,0.03399491310119629,-1.9224287271499634,0.1913854479789734,-0.43949371576309204,-1.3646215200424194,-1.8380883932113647,-1.2964835166931152,-3.2547106742858887,0.9247327446937561,0.779357373714447,-0.44371694326400757,-1.522214651107788,2.45874285697937,-0.8636217713356018,-2.058469772338867,2.2403461933135986,-2.188584327697754,2.6576855182647705,0.45916038751602173,-0.8439757823944092,2.2567853927612305,-1.779780626296997,0.08297255635261536,2.4958980083465576,4.032846450805664,-0.10837272554636002,-0.47640901803970337,-0.16192273795604706,-0.57098788022995,-1.5809252262115479,-0.710425615310669,1.5791444778442383,1.4086897373199463,0.6676445007324219,1.9089620113372803,2.4239678382873535,-1.802451729774475,2.2117435932159424,0.4983617663383484,-0.8316512107849121,4.3692307472229,-0.937883734703064,-2.054379463195801,1.3934468030929565,-0.6994107365608215,-1.7362465858459473,0.18406160175800323,1.661778450012207,-0.8631572723388672,0.769592821598053,-0.2670021653175354,1.731557011604309,-0.029742930084466934,1.2155672311782837,-2.8944191932678223,-0.12577247619628906,0.9957669377326965,0.5490422248840332,0.4537883400917053,0.44314342737197876,1.4709970951080322,1.8473821878433228,-1.2660210132598877,2.386812925338745,0.32298263907432556,-1.9065600633621216,3.2076103687286377,0.49601250886917114,1.1744191646575928,0.3588004410266876,0.09083245694637299,-2.9729175567626953,0.4385654330253601,1.2444474697113037,-0.34510159492492676,-1.6244909763336182,1.8706525564193726,-2.9519498348236084,-3.154346227645874,1.5170685052871704,-0.5307037830352783,-0.493490993976593,0.8326760530471802,0.005024648737162352,0.3842390179634094,-0.6267862319946289,1.449714183807373,1.5391631126403809,2.7158825397491455,-0.7218118906021118,-0.09848510473966599,-0.3734888732433319,-1.3197740316390991,-0.058560002595186234,1.3168065547943115,-3.8752987384796143,-2.787668466567993,-0.5027462840080261,-2.0738911628723145,-3.809019088745117,1.9428898096084595,-1.1459907293319702,2.6234512329101562,0.920791506767273,-1.0004401206970215,-0.16158436238765717,-2.9167988300323486,0.6334941387176514,-0.08236659318208694,-0.3898433446884155,2.7492494583129883,-1.5851953029632568,-1.390329122543335,-0.998674750328064,2.216541290283203,1.777884840965271,-0.03270440548658371,-0.5465590357780457,4.369350910186768,0.6450924873352051,-1.2642964124679565,-0.5577179193496704,-0.9966168999671936
26,1.2970787286758423,0.3994629383087158,-2.2922918796539307,2.529311418533325,0.8535413146018982,-0.5417749285697937,-2.158600091934204,0.7229587435722351,-2.77951717376709,-1.1513158082962036,1.0307310819625854,-0.5133642554283142,-5.131995677947998,0.6479136943817139,1.1286497116088867,-0.7354852557182312,-0.7468544244766235,-0.1404293030500412,-0.7404164671897888,-1.687860369682312,1.5605412721633911,-0.20729093253612518,2.7609682083129883,-0.7184638977050781,-0.9041158556938171,-0.5600990056991577,-0.013779453933238983,2.342043876647949,2.4148519039154053,3.2557766437530518,0.8675757646560669,1.409928798675537,-0.2863377332687378,0.4764366149902344,2.1178243160247803,-2.8604931831359863,-0.03759099170565605,-1.119430661201477,-1.9504200220108032,1.3161442279815674,-1.7587590217590332,-2.031270980834961,1.2466766834259033,0.8360228538513184,-1.3438830375671387,5.161445140838623,-0.31915196776390076,0.8351258039474487,0.911759614944458,-0.07176636904478073,-1.5550825595855713,0.3097214996814728,1.3149913549423218,0.2606217563152313,1.2582435607910156,-2.5859198570251465,-0.15022629499435425,0.09769024699926376,-2.7150931358337402,-3.1636040210723877,-0.014359211549162865,-0.14925211668014526,1.3527413606643677,-1.571131706237793,-2.1581130027770996,2.47387957572937,2.0473473072052,-2.105921745300293,1.1312240362167358,0.30538150668144226,-1.5193158388137817,1.9724040031433105,-0.44218167662620544,0.761313259601593,1.1988636255264282,0.7365286946296692,0.9912055730819702,1.9687139987945557,-1.1998913288116455,-1.719404697418213,-2.011737108230591,0.46211278438568115,-2.0499038696289062,-1.6864073276519775,-0.23057548701763153,-0.9710274338722229,0.8855506181716919,-0.9848647117614746,1.5041424036026,0.7601422667503357,0.9691243767738342,-0.9541401863098145,-2.0161614418029785,0.038246721029281616,0.7865104079246521,-1.4851698875427246,-0.42981642484664917,-0.7636228799819946,-1.1054848432540894,0.5159299969673157,-0.5472440719604492,-3.229546546936035,0.30006206035614014,-0.04550880938768387,-4.135242462158203,0.07627411186695099,-4.312292098999023,2.493312120437622,0.10192783176898956,-4.716487407684326,-0.6861004829406738,-1.712272047996521,0.900037944316864,1.1840449571609497,-1.8316864967346191,-1.7508617639541626,-0.8486323356628418,0.9491803646087646,-0.400089293718338,2.1168668270111084,2.7248425483703613,-0.1579124480485916,-0.02905227430164814,3.437314987182617,1.0723538398742676,0.0855206847190857,0.059106215834617615,0.3423340916633606
27,3.559281826019287,0.45697903633117676,-0.20566591620445251,2.3364057540893555,-0.2643143832683563,-0.5037330389022827,-0.5281311869621277,-1.0777467489242554,-1.8865450620651245,-1.529610514640808,-0.5556405782699585,0.14058943092823029,-1.8354835510253906,-0.48896998167037964,1.8281586170196533,0.4602885842323303,0.013449274934828281,0.9253003597259521,1.0988036394119263,-2.284489631652832,0.30197393894195557,-1.9862983226776123,-0.7585464119911194,0.030467649921774864,-0.2875952422618866,1.6936088800430298,-1.6622463464736938,-1.9496959447860718,0.4341878592967987,3.2574048042297363,-0.7496867179870605,-1.4757776260375977,-0.15498363971710205,1.1786993741989136,-2.7727203369140625,-2.829965591430664,1.1848419904708862,1.6042394638061523,0.6028398275375366,2.7541768550872803,1.885530710220337,-1.461435079574585,1.8707398176193237,-0.9730395674705505,-0.9948531985282898,3.6581597328186035,-0.7306560277938843,0.7666139006614685,1.0940587520599365,0.17967790365219116,-1.8196325302124023,-1.3205366134643555,0.529609739780426,-2.893501043319702,-1.0147782564163208,-0.8965091109275818,-0.9780024886131287,1.5602518320083618,-1.0931026935577393,-3.277144432067871,-2.145132303237915,2.802847385406494,0.24453671276569366,1.0838874578475952,-2.067640781402588,2.5411391258239746,0.5940068364143372,-0.5446156859397888,1.730705976486206,0.37157347798347473,-4.111541271209717,2.086829423904419,-0.14076070487499237,-0.26431769132614136,1.5382678508758545,-0.38621583580970764,0.15160973370075226,1.380133867263794,-2.434535503387451,-0.26667046546936035,-0.7874037623405457,-0.2566790282726288,-3.4035303592681885,-4.304687023162842,-1.482936978340149,-1.7675001621246338,-0.6155213713645935,-0.07518963515758514,2.787254571914673,3.0964033603668213,0.43681812286376953,-0.8130050301551819,2.833181619644165,1.3925670385360718,1.6353867053985596,-0.34404802322387695,0.7928309440612793,-1.004207968711853,0.8262676000595093,3.6055214405059814,-4.422214031219482,-3.800663471221924,-0.82716304063797,-2.9479846954345703,-1.52115797996521,-2.002908229827881,-3.3136510848999023,2.343299627304077,-0.15371747314929962,-0.9106413125991821,0.09755412489175797,-3.4623305797576904,0.7970188856124878,-0.4190812408924103,0.23659752309322357,0.9567718505859375,-0.7270039319992065,-1.2249833345413208,1.007981300354004,2.2415688037872314,1.681003212928772,-1.847246527671814,0.08351168781518936,1.1254454851150513,1.3682760000228882,-2.421997547149658,-0.6839499473571777,-1.827530026435852
28,3.8757994174957275,0.5998836159706116,-1.9169672727584839,2.480682611465454,-2.0028600692749023,-0.028265366330742836,-1.5288243293762207,0.3652157485485077,0.6084925532341003,-2.0496749877929688,-1.2844624519348145,-0.26490962505340576,-2.686723232269287,0.29415175318717957,1.63938570022583,-1.612085223197937,0.568321168422699,2.0264649391174316,1.0750759840011597,-0.979404091835022,1.6399016380310059,-2.53532075881958,1.131767749786377,-0.4193660616874695,-1.6106375455856323,1.6868417263031006,-0.08567841351032257,2.9909121990203857,1.0401498079299927,3.7376744747161865,0.26847603917121887,1.03123140335083,0.9633963108062744,-1.01218843460083,-1.5855146646499634,-2.2028443813323975,0.3479684293270111,1.3722776174545288,-0.6951340436935425,3.0564756393432617,3.4508566856384277,-3.1211750507354736,1.9633015394210815,0.17222541570663452,-0.7835643291473389,5.263128280639648,-0.6612799167633057,-1.517364263534546,1.1309258937835693,-0.04641715809702873,-0.4947661757469177,1.1222420930862427,0.6242021322250366,-0.5809791088104248,0.1644943356513977,-1.0766583681106567,0.4237633943557739,1.4613382816314697,1.0077283382415771,-2.0127992630004883,-0.3722947835922241,1.794577717781067,1.6846060752868652,-0.3128736913204193,-0.999342679977417,2.7322115898132324,1.453206181526184,-1.6657390594482422,1.4668141603469849,0.3518165349960327,-2.0264251232147217,1.930755376815796,1.0047097206115723,3.2465081214904785,-0.24963071942329407,-0.2568987309932709,-2.5098605155944824,2.256239891052246,0.5443755984306335,-1.1023062467575073,-2.4101128578186035,1.8026624917984009,-1.3496572971343994,-2.1217637062072754,-0.6404666900634766,-0.32349541783332825,-1.025899052619934,1.1069456338882446,-1.294434905052185,1.9557623863220215,-0.9046086668968201,1.114571452140808,0.7578096985816956,3.2190098762512207,-0.3897140920162201,-1.3236908912658691,-0.09715449064970016,-1.0993098020553589,-1.2198258638381958,1.627047061920166,-5.086055278778076,-3.4688761234283447,-0.417566180229187,-1.5937540531158447,-3.2737300395965576,2.8814775943756104,-0.15392547845840454,4.979065418243408,-0.29241234064102173,-3.4647231101989746,0.27950894832611084,-1.9351117610931396,1.11514151096344,-0.36368802189826965,0.09235600382089615,0.8251940011978149,0.35521623492240906,-3.6371076107025146,0.002687352243810892,2.462045192718506,1.9094069004058838,-0.27852386236190796,-0.9089238047599792,2.2326712608337402,-0.065290167927742,-0.8926359415054321,-0.24502430856227875,0.4489823877811432
29,4.256532669067383,0.7947374582290649,-1.1383777856826782,3.2090370655059814,-2.038577079772949,-0.22493186593055725,-1.2492784261703491,0.10608567297458649,0.38949596881866455,-1.748085856437683,-1.442690372467041,-0.438174307346344,-2.540409564971924,0.17098960280418396,1.6906856298446655,-1.07960844039917,0.49167534708976746,1.622414469718933,0.4481232762336731,-0.931535542011261,1.512684941291809,-3.0548133850097656,1.1428170204162598,-0.7801242470741272,-1.7817518711090088,1.4768363237380981,-0.7569456100463867,2.5633468627929688,0.3580894470214844,3.9235634803771973,0.4033221900463104,0.6941816806793213,0.7723159790039062,-1.0379401445388794,-1.9578205347061157,-2.090970754623413,0.994821310043335,1.1462723016738892,-0.36921796202659607,3.2283904552459717,3.451590061187744,-2.888572931289673,2.065983772277832,-0.27268365025520325,-0.8013156056404114,5.118497371673584,-0.6242154240608215,-1.34862220287323,0.7132182121276855,-0.18901380896568298,-0.9180151224136353,-0.1683460772037506,0.8205611705780029,-1.1826382875442505,0.6056715846061707,-1.0186911821365356,0.021074771881103516,1.2020951509475708,0.6986616253852844,-1.7539218664169312,-0.5946036577224731,1.3812766075134277,1.634238362312317,-0.6598474979400635,-1.1622161865234375,3.172943115234375,1.305053949356079,-1.6423677206039429,1.874316692352295,-0.06202562898397446,-2.0163185596466064,1.9477962255477905,0.5140700936317444,3.4871301651000977,-0.033686451613903046,0.04294130578637123,-2.1576578617095947,2.0212302207946777,0.4922582805156708,-0.9574729800224304,-2.735609531402588,1.1710319519042969,-2.5571179389953613,-2.085723876953125,-0.7897171378135681,-0.6000030040740967,-0.537162721157074,1.0887058973312378,-0.6558774709701538,2.2150449752807617,-0.4682292938232422,0.8061701059341431,1.0122039318084717,2.800772190093994,0.12435650825500488,-0.720332682132721,-0.3175004720687866,-1.6229653358459473,-0.7486020922660828,1.9511985778808594,-4.806193828582764,-3.1568520069122314,-0.625633716583252,-1.8261675834655762,-3.4084150791168213,2.554375648498535,-0.6529604196548462,4.396227836608887,-0.41288983821868896,-3.3637266159057617,-0.0032238103449344635,-1.586294174194336,0.8214960098266602,0.13897377252578735,0.5949763655662537,0.2823406159877777,0.23398825526237488,-3.101292133331299,0.36902332305908203,2.6844711303710938,2.381757974624634,-0.5259389281272888,-1.055461049079895,2.726146697998047,0.44942259788513184,-1.1607589721679688,-0.40242260694503784,0.03612720966339111
3,-0.9761021137237549,0.2635357081890106,-0.8347806334495544,0.6040456295013428,-0.8562190532684326,-2.4844810962677,-1.2785617113113403,0.7957795262336731,-0.49579107761383057,0.17843522131443024,1.2951828241348267,-1.184425950050354,-1.0516573190689087,-0.1276240348815918,0.6401923298835754,0.5306833386421204,0.7302956581115723,-0.05064772441983223,-0.4503483474254608,-0.6409697532653809,1.4689620733261108,-0.32687726616859436,2.4347784519195557,-0.8800875544548035,-0.5185957551002502,2.4321987628936768,-1.8047021627426147,0.47332409024238586,0.9184815287590027,3.033081293106079,2.1428654193878174,2.200390100479126,-0.9392840266227722,0.2092650681734085,-0.7321388125419617,-1.8646297454833984,1.4648324251174927,-0.8263583779335022,0.031356800347566605,1.2131547927856445,-1.0357612371444702,0.13530318439006805,0.40689563751220703,0.622256875038147,-1.443881630897522,3.979973554611206,-1.3277993202209473,0.7426421642303467,1.0849192142486572,1.009301781654358,-1.083121418952942,0.688340961933136,2.3555779457092285,1.4630146026611328,0.3431437909603119,-1.4946494102478027,1.2282177209854126,1.0465645790100098,-1.9105786085128784,-1.7079061269760132,0.7507367134094238,-1.3906611204147339,1.9285911321640015,-0.7334764003753662,-1.36191987991333,1.1287044286727905,1.2661479711532593,-0.9792771339416504,0.3910791575908661,-1.3661600351333618,-1.157089352607727,1.7957290410995483,-0.40293899178504944,2.142427444458008,0.9910359978675842,0.2287493348121643,0.8033437132835388,0.17673225700855255,1.6330496072769165,1.127925992012024,-1.1949357986450195,0.17410443723201752,-0.8851799368858337,-2.0657145977020264,0.4166615903377533,1.2476089000701904,1.29916512966156,-0.27532970905303955,-0.2831295132637024,1.8307194709777832,0.5758361220359802,-2.1131668090820312,-0.6329092979431152,0.6184415221214294,-0.27881214022636414,-0.43029120564460754,-0.07865289598703384,-0.48511770367622375,-1.2900915145874023,0.2831316888332367,-1.6209796667099,-4.129316329956055,-0.0499744713306427,0.1578158289194107,-4.8745832443237305,0.7605323195457458,-1.9500751495361328,1.0039012432098389,0.926236629486084,-3.858264207839966,-0.6062395572662354,-1.0215493440628052,-1.3331228494644165,0.7806730270385742,-2.2136390209198,-0.04451867938041687,-1.7900606393814087,-2.157489776611328,-1.0101807117462158,2.275153398513794,2.2423484325408936,-1.679709553718567,-0.08868009597063065,2.38731050491333,0.5047933459281921,-0.08994928002357483,-0.25048449635505676,-1.0940202474594116
30,3.971482753753662,-0.1537996083498001,-1.1923458576202393,2.9293792247772217,-2.3528754711151123,0.5199917554855347,-1.1387584209442139,-0.36764347553253174,0.48361262679100037,-2.8049635887145996,-2.5311837196350098,-0.6359158754348755,-3.1144602298736572,0.16096195578575134,1.2863225936889648,-1.0492390394210815,0.9981719255447388,2.5333733558654785,-0.2729589343070984,-2.0299739837646484,1.0557808876037598,-3.0380516052246094,1.6810977458953857,0.3045226037502289,-0.864030659198761,2.0509088039398193,-1.0706942081451416,1.5878969430923462,1.7985553741455078,3.6225388050079346,0.5135246515274048,0.5648455023765564,1.2314687967300415,-0.11021300405263901,-2.2828261852264404,-2.418144702911377,1.1798697710037231,2.0481581687927246,-0.5573062896728516,1.8303263187408447,3.777993679046631,-3.4390292167663574,2.7548139095306396,0.15863478183746338,-0.161081463098526,5.80903959274292,-1.3815187215805054,-1.9229660034179688,1.5381404161453247,0.13961632549762726,-0.2396855354309082,-0.45663776993751526,0.2623447775840759,-1.2523428201675415,-0.2914353013038635,-0.8417366743087769,0.8105597496032715,2.1701762676239014,-0.32156649231910706,-2.3577017784118652,-0.7980719804763794,1.4462810754776,2.2690329551696777,0.24021506309509277,-1.89737069606781,3.1470108032226562,1.339956521987915,-0.9025276303291321,1.5415645837783813,-0.24002131819725037,-1.6313098669052124,2.553589105606079,0.7378384470939636,3.309040069580078,-0.738584578037262,0.10846443474292755,-1.851422667503357,1.9913429021835327,0.41886305809020996,-0.6800650358200073,-2.3274083137512207,1.0721731185913086,-2.4162824153900146,-2.0612213611602783,-0.411982923746109,-0.7199118733406067,0.19081823527812958,1.0636584758758545,-0.7458664774894714,1.0386087894439697,-0.8669125437736511,1.2096866369247437,1.0799715518951416,3.042479991912842,-0.6909929513931274,-0.16042879223823547,-0.8225685954093933,-1.5784592628479004,-0.9911659955978394,1.9575040340423584,-4.7324724197387695,-3.226137638092041,-0.212855264544487,-2.308671474456787,-3.079008102416992,2.772371768951416,-0.5430408716201782,4.746356964111328,-0.4806390404701233,-2.671708822250366,0.3220251500606537,-1.6754271984100342,1.1213470697402954,0.1831391304731369,0.12071315944194794,-0.011031834408640862,1.0629826784133911,-3.1423277854919434,0.3197324573993683,1.9649921655654907,1.7419188022613525,-0.6453028321266174,-1.130492925643921,3.3115310668945312,0.4086650013923645,-0.7360585927963257,-0.46492695808410645,-0.13619446754455566
31,2.2487587928771973,-0.8782572150230408,-0.5561781525611877,3.0591065883636475,-3.0607213973999023,-0.16978976130485535,-1.803157091140747,0.18940366804599762,-0.12402927130460739,-2.716801881790161,-0.2379656434059143,-0.04718296602368355,-2.0645196437835693,-0.3960329294204712,0.7023937702178955,-0.26811301708221436,0.7502334117889404,0.20243485271930695,-0.5553549528121948,-2.122317314147949,2.2556493282318115,-2.713728427886963,0.5460641980171204,-0.30703216791152954,0.623214066028595,2.8345706462860107,-1.2166980504989624,2.017411231994629,0.9308773279190063,4.590448379516602,0.6298516988754272,1.4697721004486084,1.0304124355316162,-2.3015189170837402,-0.3624674081802368,-2.729175329208374,0.9044896960258484,0.07168064266443253,-1.3026564121246338,2.0971567630767822,3.0429720878601074,-3.6311755180358887,2.497635841369629,-0.9252694249153137,0.40155884623527527,5.499755382537842,-0.8467605113983154,-1.4905457496643066,1.5000983476638794,-0.6207358241081238,-0.5071607232093811,1.7106410264968872,1.168580412864685,-1.29443359375,-0.3205874264240265,-1.347914218902588,1.3878837823867798,0.48958244919776917,0.23815040290355682,-2.0353920459747314,0.05408854782581329,0.8450635075569153,2.4996531009674072,0.06994114816188812,-2.8220372200012207,2.999664306640625,1.302937388420105,-1.4552098512649536,1.8636361360549927,-0.9393846988677979,-0.0006168921827338636,1.2115154266357422,-0.8702462911605835,2.8837077617645264,-0.06937622278928757,0.8100877404212952,-1.2234340906143188,1.3271409273147583,2.1221580505371094,-0.47692859172821045,-2.4299087524414062,2.1900713443756104,-1.1759415864944458,-3.7928147315979004,-1.621181845664978,-0.3045263886451721,0.2986987829208374,-0.11605067551136017,-0.5684406161308289,1.8801746368408203,-0.05509764701128006,-0.11698231846094131,-0.8278833031654358,1.4755589962005615,0.10498664528131485,0.8728002905845642,-0.2995312511920929,-2.0884580612182617,-0.7945207953453064,1.3783259391784668,-3.074409008026123,-2.575523614883423,-0.15204928815364838,-2.2370786666870117,-2.43375301361084,2.4672813415527344,-0.9019299745559692,1.9774057865142822,0.455375075340271,-3.6652321815490723,1.1011558771133423,-1.561393141746521,0.6085007786750793,-0.39231762290000916,-1.5005215406417847,-0.27565690875053406,0.0582260861992836,-2.7495741844177246,-0.0627332255244255,2.160531759262085,2.5221779346466064,-2.0185139179229736,-0.5011518001556396,2.2335448265075684,0.2865440547466278,-0.17731469869613647,0.1736121028661728,0.7986794710159302
32,2.698031187057495,0.7858210206031799,-0.7616787552833557,2.5768954753875732,-1.1787368059158325,0.03889558091759682,-1.0140846967697144,0.09716809540987015,-0.9586048126220703,-1.1061158180236816,-1.6524666547775269,-1.4939656257629395,-2.9235928058624268,-0.37186896800994873,2.774402379989624,-0.8656819462776184,-0.3463597297668457,1.8750686645507812,-0.3557179272174835,-1.6913577318191528,2.0536386966705322,-2.1320865154266357,1.0861624479293823,-0.15074636042118073,-1.7626045942306519,2.0869483947753906,-1.7237592935562134,1.9604212045669556,0.6122661828994751,3.7410829067230225,0.24305208027362823,1.0163334608078003,0.354489266872406,-0.2772253751754761,-2.8387598991394043,-4.098461151123047,1.5841058492660522,1.2742533683776855,-0.7686160802841187,1.6395081281661987,3.142596960067749,-2.240163803100586,2.899885416030884,0.3746635615825653,-1.1327998638153076,4.685532093048096,-0.7593268156051636,1.2913875579833984,3.426903247833252,-1.316577434539795,-1.9162395000457764,0.04755900800228119,-0.05268586426973343,-1.5999819040298462,1.2335940599441528,-0.10008267313241959,-1.3760669231414795,1.623687982559204,1.4698072671890259,-2.0042481422424316,0.3805472254753113,2.864888906478882,-0.003371712053194642,-0.029409151524305344,-2.124931812286377,2.2274363040924072,1.586099624633789,-1.9314833879470825,0.42958328127861023,-1.2408447265625,-3.3341500759124756,3.0491788387298584,0.8003634214401245,1.701035976409912,-0.9873546957969666,0.5652387142181396,-2.5987582206726074,0.5201526284217834,0.5600224137306213,-1.4597846269607544,-1.6120150089263916,-0.2791946530342102,-2.262334108352661,-2.845658540725708,0.17135731875896454,-0.8407764434814453,-1.001448392868042,1.132532000541687,-0.06797906011343002,1.4520081281661987,-0.8178240656852722,1.1692595481872559,0.6942230463027954,2.860421657562256,0.30069151520729065,-0.31174880266189575,-0.22204647958278656,-0.7077246308326721,-1.2764313220977783,2.870255470275879,-5.005285263061523,-3.4161882400512695,-1.3629730939865112,-1.5409311056137085,-2.791102170944214,1.0517048835754395,-1.6398823261260986,3.7525758743286133,-0.40462663769721985,-1.9747750759124756,0.14178466796875,-0.9627668857574463,1.4399842023849487,-1.5306141376495361,-1.2746846675872803,1.7342909574508667,-0.6594718098640442,-2.961040496826172,1.4866938591003418,0.9414161443710327,3.1528334617614746,0.279460072517395,0.4784807562828064,1.9786601066589355,1.1114004850387573,-0.6358991265296936,0.07433406263589859,-1.0767117738723755
4,1.675054669380188,-2.778197765350342,-1.263303518295288,3.837961196899414,-0.9002981185913086,-2.570250988006592,-3.2070834636688232,-1.3401710987091064,1.2301586866378784,0.04746617376804352,4.209751129150391,-0.1899508684873581,-6.259994029998779,4.715212821960449,1.6335563659667969,-4.040370941162109,-1.445137619972229,1.6559631824493408,2.3822548389434814,1.937121868133545,2.251981496810913,-2.9071884155273438,4.762992858886719,0.7664346694946289,-1.993873953819275,4.452404975891113,-0.18791882693767548,-1.8634040355682373,3.6788575649261475,6.302609443664551,4.552621364593506,-2.6330947875976562,3.9407403469085693,0.002813001163303852,-0.40988218784332275,-1.1291927099227905,-1.238243579864502,3.122666358947754,-2.061342477798462,3.166445016860962,4.437910556793213,-3.193908929824829,0.5227475762367249,3.7652995586395264,-2.970139741897583,6.627123832702637,-2.0959527492523193,-1.1059473752975464,2.4844141006469727,-0.7613308429718018,2.7769291400909424,-1.9915539026260376,5.853307723999023,2.3318228721618652,-2.292917013168335,-0.11663546413183212,5.273667335510254,1.5437934398651123,-3.819504737854004,-2.9189584255218506,0.025950375944375992,-4.370214462280273,4.563891887664795,-0.02248338609933853,0.6546280980110168,0.12123489379882812,1.2363516092300415,-3.607330560684204,5.51901388168335,1.939047932624817,-2.1196134090423584,3.5246496200561523,-3.5122172832489014,4.24777364730835,-2.198533296585083,0.9505788683891296,-2.565591812133789,-2.3956520557403564,1.9388375282287598,-2.5408785343170166,0.1531641185283661,1.0837655067443848,-2.397510528564453,-2.8740758895874023,-2.3329577445983887,-1.535498023033142,-2.476625919342041,3.3035967350006104,3.4633007049560547,1.5348337888717651,-1.4174344539642334,5.685774803161621,-0.30996060371398926,-0.30864399671554565,5.276831150054932,-4.268386363983154,-0.8554882407188416,-2.5023224353790283,-3.879542350769043,-5.270102500915527,-5.652926445007324,-5.774232387542725,4.03748893737793,-0.0148465596139431,-4.354862689971924,4.945304870605469,-2.257941246032715,6.000431060791016,3.592944860458374,-2.133741855621338,2.3491358757019043,-2.0447447299957275,1.200989007949829,0.46638068556785583,1.9375394582748413,-1.6949530839920044,-2.670591115951538,-5.702461242675781,-5.252201080322266,-1.337302565574646,1.9692306518554688,0.45384588837623596,-4.541411399841309,4.312516212463379,3.774540901184082,-4.227043151855469,0.45252639055252075,-0.5188661813735962
5,3.46559739112854,1.9846409559249878,-0.17152948677539825,0.9896418452262878,-2.3142833709716797,-0.6867619156837463,-1.3819737434387207,-3.412376880645752,-2.153064489364624,-3.8714823722839355,-2.263798236846924,-1.4959243535995483,-1.3477158546447754,1.5715174674987793,-0.027631057426333427,-2.2410764694213867,0.03728336840867996,0.5648565292358398,-1.5628724098205566,-3.027303457260132,1.1576260328292847,-3.405256509780884,3.5255696773529053,0.9109251499176025,0.5907143354415894,2.2099130153656006,-2.498431444168091,-1.2604155540466309,2.059523344039917,3.8588621616363525,2.8490114212036133,-1.8420472145080566,-0.4315527677536011,0.19028598070144653,-2.748117685317993,-4.611345291137695,3.719115734100342,0.5078901648521423,1.0867657661437988,3.1510350704193115,3.108299732208252,-2.9871466159820557,0.8982930779457092,-1.4868121147155762,-1.617073893547058,5.418684959411621,1.8717695474624634,-3.3150434494018555,3.3564279079437256,-0.2000960260629654,0.518756628036499,-0.15368743240833282,0.9180395603179932,-0.33400043845176697,0.5532810688018799,-4.398462295532227,1.142741084098816,-0.8955433964729309,-0.7797241806983948,-2.5440542697906494,-0.397102028131485,-1.5904568433761597,0.8394869565963745,2.435049057006836,-1.1991506814956665,2.9586217403411865,0.2737850546836853,2.1642117500305176,1.9555277824401855,1.4015491008758545,-0.7203141450881958,1.6044665575027466,0.4764620065689087,0.6793999075889587,1.015019178390503,-1.052410364151001,1.0890871286392212,4.882559776306152,1.1658573150634766,-1.0367074012756348,-2.6125221252441406,0.16094404458999634,-2.776545524597168,-4.842069625854492,-1.795686960220337,1.4606993198394775,2.885047435760498,-3.4829282760620117,1.7775107622146606,-0.38024890422821045,-0.6503308415412903,3.366847515106201,2.316838264465332,1.8160169124603271,3.3150525093078613,1.3170040845870972,0.9181978702545166,-0.19016923010349274,0.8263764977455139,2.7553634643554688,-3.7329046726226807,-1.8371598720550537,-2.111034870147705,-4.309228897094727,-2.8565359115600586,0.543140172958374,-3.6211514472961426,-0.14334803819656372,1.9240747690200806,0.7298556566238403,-1.0313448905944824,1.856292724609375,-0.3798511326313019,-0.14103764295578003,1.1851520538330078,0.2085336297750473,-3.947251319885254,-3.595367431640625,1.8430696725845337,-0.2798658609390259,-0.8144274950027466,0.3559947609901428,0.05132743716239929,1.3765777349472046,-0.17587363719940186,-3.21215558052063,-0.12748581171035767,-0.3621366322040558
6,0.8480296730995178,0.7488470077514648,-1.8305206298828125,5.111617565155029,3.3833725452423096,0.1464952975511551,-3.1357438564300537,-2.3527135848999023,-3.604327917098999,0.7791658043861389,0.21473343670368195,-2.111980676651001,-1.8456753492355347,2.6197612285614014,2.7545461654663086,-5.013675689697266,-0.05216717720031738,0.5209042429924011,2.235947370529175,0.18254749476909637,-2.1214194297790527,-0.8397665619850159,3.893732786178589,-1.8610754013061523,-1.7119888067245483,1.8027753829956055,-0.0630083903670311,3.683285713195801,3.209627151489258,1.7588962316513062,2.8819990158081055,3.121737241744995,0.5373592376708984,3.969965696334839,0.6042371392250061,-2.739464044570923,2.8879668712615967,-0.08023466914892197,-1.0204700231552124,4.058200359344482,1.6713489294052124,-2.145963430404663,-0.34420374035835266,-0.4276943504810333,-0.5268827080726624,7.081919193267822,1.0728281736373901,-2.82826828956604,4.638932228088379,-1.9367882013320923,-2.0430281162261963,0.08477494865655899,1.252088189125061,1.0462638139724731,1.3366855382919312,-2.8840363025665283,3.2378084659576416,0.7978741526603699,-0.07252166420221329,-0.16932497918605804,0.2013816088438034,-2.831080675125122,1.769025206565857,-0.4567112922668457,-2.900951623916626,5.64463472366333,2.333595037460327,-0.45119962096214294,-0.16961057484149933,-0.46276307106018066,-0.0642581656575203,3.427323579788208,-1.0804778337478638,-0.20050334930419922,0.9627804160118103,0.43749281764030457,-0.22549007833003998,2.165893077850342,-1.9063268899917603,-0.767479658126831,-1.7250276803970337,2.832566499710083,-1.2256088256835938,-1.1861462593078613,2.981869697570801,0.20788776874542236,-0.6162595748901367,-1.3797906637191772,5.063787937164307,0.6043180823326111,0.6311467885971069,1.138327717781067,0.5857641696929932,-0.10685882717370987,3.396074056625366,-2.840510368347168,0.6158074140548706,-3.615614652633667,-0.4593909680843353,3.295999765396118,-3.090731382369995,-3.7426631450653076,-0.2049129605293274,1.291925072669983,-4.767842769622803,0.2849479913711548,-3.678135633468628,0.024624669924378395,-0.4078570306301117,-3.2538576126098633,3.3470680713653564,0.3545686900615692,1.9841018915176392,2.042649507522583,-0.8214955925941467,0.8459667563438416,-2.053424835205078,-2.705371618270874,-2.690955400466919,1.4995428323745728,-1.5756889581680298,-1.7294074296951294,0.35648417472839355,1.1897149085998535,0.34721609950065613,-7.4447407722473145,-1.273970603942871,3.731887102127075
7,0.9287431836128235,-0.7898355722427368,-0.7719607949256897,1.6765880584716797,-1.9615287780761719,-0.579078733921051,-1.3663960695266724,-0.04619854688644409,-0.06107897683978081,-2.3637189865112305,-0.2833672761917114,-0.369159072637558,-2.254459857940674,0.7405130863189697,0.27949562668800354,-0.8120551109313965,0.45910805463790894,0.82683265209198,0.2760407328605652,-1.9381399154663086,1.6735200881958008,-1.6152565479278564,2.362205982208252,0.6762612462043762,0.6016148924827576,3.3281426429748535,-0.8059724569320679,1.8062585592269897,2.337421417236328,3.892782211303711,0.7622489929199219,0.3451946973800659,1.9710896015167236,-0.9910240173339844,-0.5872678160667419,-2.442030668258667,1.4760241508483887,1.3463146686553955,-0.2563314437866211,1.9685747623443604,3.045073986053467,-2.118680238723755,1.8520984649658203,-0.05945546180009842,0.39197829365730286,5.675066947937012,-1.09508216381073,-0.9391764402389526,2.5989582538604736,0.30487698316574097,-1.3111008405685425,0.8624380826950073,-0.1484847515821457,0.44401079416275024,-1.4368771314620972,-2.0200047492980957,1.1280561685562134,0.8823502659797668,-0.7921267151832581,-2.6868860721588135,-0.5642824769020081,0.9115943908691406,1.979952096939087,0.8703953623771667,-2.652114152908325,3.152087688446045,2.490424633026123,-0.9315515756607056,0.5679649114608765,-0.5173979997634888,-0.2353903353214264,1.4423941373825073,0.6428157091140747,2.117568254470825,-1.19698166847229,1.6399948596954346,-1.5020798444747925,1.3124412298202515,1.261430025100708,-0.028169309720396996,-1.8858377933502197,3.32440185546875,0.07759971171617508,-2.3747830390930176,-1.0604342222213745,-0.8873839378356934,0.01134287379682064,-0.23534747958183289,-0.8266881108283997,1.0170509815216064,-1.547987699508667,1.589003086090088,-1.767029047012329,1.4297363758087158,0.5024873614311218,0.7185942530632019,-0.4499971866607666,-1.376957654953003,-2.1330058574676514,1.4950944185256958,-4.054117679595947,-2.993624210357666,-0.3923249840736389,-1.8556314706802368,-3.2067253589630127,1.1150643825531006,-0.7005349397659302,2.1410067081451416,0.5380936861038208,-1.8035154342651367,0.49578791856765747,-1.0891430377960205,0.3864639401435852,-1.271309494972229,-2.5319716930389404,0.8372321128845215,-0.7583778500556946,-3.5902278423309326,0.2597486972808838,0.5350315570831299,2.7138149738311768,-0.1584031730890274,-1.2546484470367432,1.095678687095642,1.0085868835449219,-0.19537238776683807,-0.4608955383300781,-0.7798078656196594
8,-1.7271831035614014,4.499359607696533,-1.641249418258667,-1.7231084108352661,2.739921808242798,3.2778661251068115,-6.475356578826904,0.15792065858840942,-6.2573747634887695,0.11437878012657166,1.1269117593765259,-1.9110316038131714,-0.9056281447410583,3.667471408843994,3.346748113632202,4.716839790344238,-1.7078646421432495,2.935255527496338,-5.782423496246338,-3.8663742542266846,-4.796013832092285,-0.2114652842283249,3.718156337738037,1.1749240159988403,2.0502963066101074,5.025319576263428,-6.970353603363037,-3.2328784465789795,3.100832462310791,6.281146049499512,2.8469836711883545,-0.49352213740348816,-0.5963400602340698,1.6690959930419922,-4.329606533050537,-5.3597798347473145,-1.4158194065093994,-5.363736629486084,-2.028444528579712,6.268831253051758,0.879499077796936,-1.7252233028411865,-1.559675693511963,-2.1703391075134277,-4.580417156219482,7.9123921394348145,0.3983089327812195,8.01530933380127,-1.7571418285369873,-0.35830262303352356,-4.243112087249756,0.7291721105575562,5.998565196990967,-1.9466781616210938,0.33195608854293823,-6.488435745239258,-0.13001766800880432,-3.360037088394165,-2.3828279972076416,-6.258427619934082,3.6517059803009033,1.3535066843032837,6.323270320892334,-0.08848635107278824,-2.3584389686584473,2.299288272857666,5.889658451080322,2.466280221939087,5.915771961212158,2.6046769618988037,-3.0071868896484375,1.3046985864639282,-1.177695393562317,-0.10610375553369522,3.890225887298584,1.252637505531311,-0.28801998496055603,4.0390214920043945,-2.0380325317382812,-3.4429078102111816,-0.7824276089668274,2.587576150894165,-1.886903166770935,-2.6206374168395996,2.1342689990997314,3.8175339698791504,3.0702993869781494,-2.20599102973938,1.4644449949264526,-0.6630019545555115,1.1977941989898682,0.06168330833315849,-5.099547863006592,-0.5081270337104797,7.308218955993652,-1.9213957786560059,-0.8304032683372498,0.9769197702407837,3.1662864685058594,-0.531311571598053,-2.452746629714966,-5.759257793426514,-0.13113164901733398,1.167022943496704,-6.586860656738281,-6.792897701263428,-8.517983436584473,-0.613923192024231,-1.869999647140503,-3.961214780807495,-1.188696026802063,-5.233214855194092,-2.04825496673584,-1.8982524871826172,-2.8772130012512207,-0.3500678241252899,-3.017458915710449,-2.3324482440948486,-4.34506893157959,-1.5620092153549194,2.213874340057373,-0.6655991077423096,-0.754254937171936,1.9885227680206299,3.122375249862671,-3.468785047531128,3.54925799369812,-1.5750049352645874
9,2.4233808517456055,-1.9452650547027588,1.1422512531280518,0.6086312532424927,-1.884705662727356,-2.807774066925049,1.8249956369400024,-1.5407238006591797,-3.3986077308654785,0.7751318216323853,-1.4514132738113403,-2.193509101867676,-3.977447032928467,-1.1623286008834839,-0.026166221126914024,0.7393984198570251,-1.9751055240631104,0.34547102451324463,1.1191736459732056,-3.5751664638519287,0.9770280718803406,-0.06932402402162552,0.6509238481521606,-0.9999761581420898,-0.5043367743492126,2.0146701335906982,-2.8543741703033447,2.6780779361724854,4.647607803344727,7.149454593658447,1.1479957103729248,-0.03788057342171669,-0.48205941915512085,-1.4296290874481201,1.1524773836135864,-2.027036190032959,-0.8892873525619507,1.1947407722473145,-0.9823421835899353,3.5785837173461914,1.4199198484420776,-1.3349004983901978,1.3834021091461182,0.2252088338136673,-3.5041801929473877,5.950863838195801,-3.060903787612915,-0.06056628376245499,1.7729432582855225,-0.8100993037223816,-1.7724288702011108,-2.121445655822754,1.9564344882965088,0.7428191304206848,1.0303107500076294,-3.0349619388580322,0.3520052134990692,-0.3395923376083374,-4.6886115074157715,-4.4819560050964355,0.21095134317874908,0.355191171169281,-1.2430756092071533,0.9259662628173828,0.8112918138504028,3.0983705520629883,2.286986827850342,-2.4915354251861572,3.4457197189331055,1.517587661743164,-4.107525825500488,2.630389928817749,-1.2059967517852783,2.910763740539551,2.4812405109405518,-0.5751548409461975,-0.4731086790561676,3.2194008827209473,-0.6279029250144958,-0.008224785327911377,-1.5808212757110596,-0.35705265402793884,-1.704538106918335,-2.5400705337524414,-0.28851044178009033,-0.28691259026527405,0.8203684091567993,-1.936880350112915,0.8474544882774353,3.8348004817962646,-1.4970545768737793,0.9269415736198425,2.9750261306762695,1.893664836883545,5.023827075958252,-0.5672107934951782,-1.5735069513320923,2.6193718910217285,-0.5451391339302063,0.6246063709259033,-5.217813491821289,-3.2580840587615967,-0.612481951713562,-0.950802206993103,-3.003117799758911,0.005322508048266172,-4.9195942878723145,3.9337425231933594,-1.3883075714111328,-3.1068637371063232,-5.253454685211182,-0.5770755410194397,-1.0524990558624268,1.4275575876235962,2.3429055213928223,-4.0585713386535645,-3.7177863121032715,-0.4750698506832123,-0.9277679324150085,3.5129892826080322,2.489408016204834,-2.0663859844207764,2.196641445159912,2.410292863845825,1.3720406293869019,-4.419680595397949,-2.631476640701294,-1.5041368007659912
